METHOD_0 ( ) { java . util . Date IDENT_0 = new java . util . Date ( ) ; java . util . Date IDENT_1 = new java . util . Date ( ) ; java . lang . Long id = 1L ; java . lang . String IDENT_2 = STRING_0 ; java . lang . String IDENT_3 = STRING_1 ; java . lang . String IDENT_4 = STRING_2 ; java . lang . String IDENT_5 = STRING_3 ; java . lang . String name = STRING_4 ; org . lnu . is . domain . admin . unit . IDENT_6 expected = new org . lnu . is . domain . admin . unit . METHOD_1 ( ) ; expected . METHOD_2 ( IDENT_0 ) ; expected . METHOD_3 ( IDENT_1 ) ; expected . setId ( id ) ; expected . METHOD_4 ( IDENT_2 ) ; expected . METHOD_5 ( IDENT_3 ) ; expected . METHOD_6 ( IDENT_4 ) ; expected . METHOD_7 ( IDENT_5 ) ; expected . setName ( name ) ; org . lnu . is . resource . IDENT_7 . IDENT_8 source = new org . lnu . is . resource . IDENT_7 . METHOD_8 ( ) ; source . METHOD_2 ( IDENT_0 ) ; source . METHOD_3 ( IDENT_1 ) ; source . setId ( id ) ; source . METHOD_4 ( IDENT_2 ) ; source . METHOD_5 ( IDENT_3 ) ; source . METHOD_6 ( IDENT_4 ) ; source . METHOD_7 ( IDENT_5 ) ; source . setName ( name ) ; org . lnu . is . domain . admin . unit . METHOD_1 actual = unit . convert ( source ) ; "<AssertPlaceHolder>" ; } convert ( org . lnu . is . domain . admin . unit . METHOD_1 ) { return convert ( source , new org . lnu . is . resource . IDENT_7 . METHOD_8 ( ) ) ; }
org . junit . Assert . assertEquals ( expected , actual ) 