METHOD_0 ( ) { java . lang . Long id = INT_0 ; java . util . Date IDENT_0 = new java . util . Date ( ) ; java . util . Date IDENT_1 = new java . util . Date ( ) ; java . util . Date IDENT_2 = new java . util . Date ( ) ; java . lang . Double IDENT_3 = 2.0 ; java . lang . Double IDENT_4 = FLOAT_0 ; java . lang . Double IDENT_5 = FLOAT_1 ; java . lang . String description = STRING_0 ; java . lang . String IDENT_6 = STRING_1 ; java . lang . String name = "name" ; java . lang . String IDENT_7 = STRING_2 ; org . lnu . is . domain . IDENT_8 . IDENT_9 source = new org . lnu . is . domain . IDENT_8 . METHOD_1 ( ) ; source . METHOD_2 ( IDENT_3 ) ; source . METHOD_3 ( IDENT_0 ) ; source . METHOD_4 ( description ) ; source . METHOD_5 ( IDENT_1 ) ; source . setId ( id ) ; source . METHOD_6 ( IDENT_6 ) ; source . setName ( name ) ; source . METHOD_7 ( IDENT_4 ) ; source . METHOD_8 ( IDENT_2 ) ; source . METHOD_9 ( IDENT_7 ) ; source . METHOD_10 ( IDENT_5 ) ; org . lnu . is . resource . IDENT_8 . IDENT_10 expected = new org . lnu . is . resource . IDENT_8 . METHOD_11 ( ) ; expected . METHOD_2 ( IDENT_3 ) ; expected . METHOD_3 ( IDENT_0 ) ; expected . METHOD_4 ( description ) ; expected . METHOD_5 ( IDENT_1 ) ; expected . setId ( id ) ; expected . METHOD_6 ( IDENT_6 ) ; expected . setName ( name ) ; expected . METHOD_7 ( IDENT_4 ) ; expected . METHOD_8 ( IDENT_2 ) ; expected . METHOD_9 ( IDENT_7 ) ; expected . METHOD_10 ( IDENT_5 ) ; org . lnu . is . resource . IDENT_8 . METHOD_11 actual = unit . convert ( source ) ; "<AssertPlaceHolder>" ; } convert ( org . lnu . is . domain . admin . unit . IDENT_11 ) { return convert ( source , new org . lnu . is . resource . IDENT_12 . METHOD_12 ( ) ) ; }
org . junit . Assert . assertEquals ( expected , actual ) 