METHOD_0 ( ) { java . lang . Long id = 1L ; java . lang . String IDENT_0 = STRING_0 ; java . lang . String name = STRING_1 ; java . lang . Long IDENT_1 = INT_0 ; org . lnu . is . domain . IDENT_2 . IDENT_3 IDENT_2 = new org . lnu . is . domain . IDENT_2 . METHOD_1 ( ) ; IDENT_2 . setId ( IDENT_1 ) ; java . lang . Long IDENT_4 = INT_0 ; org . lnu . is . domain . IDENT_5 . IDENT_6 IDENT_5 = new org . lnu . is . domain . IDENT_5 . METHOD_2 ( ) ; IDENT_5 . setId ( IDENT_4 ) ; org . lnu . is . domain . IDENT_2 . name . IDENT_7 source = new org . lnu . is . domain . IDENT_2 . name . METHOD_3 ( ) ; source . setId ( id ) ; source . METHOD_4 ( IDENT_2 ) ; source . METHOD_5 ( IDENT_5 ) ; source . METHOD_6 ( IDENT_0 ) ; source . setName ( name ) ; org . lnu . is . resource . IDENT_2 . name . IDENT_8 expected = new org . lnu . is . resource . IDENT_2 . name . METHOD_7 ( ) ; expected . setId ( id ) ; expected . METHOD_8 ( IDENT_1 ) ; expected . METHOD_9 ( IDENT_4 ) ; expected . METHOD_6 ( IDENT_0 ) ; expected . setName ( name ) ; org . lnu . is . resource . IDENT_2 . name . METHOD_7 actual = unit . convert ( source ) ; "<AssertPlaceHolder>" ; } convert ( org . lnu . is . domain . admin . unit . IDENT_9 ) { return convert ( source , new org . lnu . is . resource . IDENT_10 . METHOD_10 ( ) ) ; }
org . junit . Assert . assertEquals ( expected , actual ) 