METHOD_0 ( ) { java . lang . Long id = 1L ; java . lang . Double IDENT_0 = 2.0 ; org . lnu . is . domain . person . IDENT_1 . IDENT_2 source = new org . lnu . is . domain . person . IDENT_1 . METHOD_1 ( ) ; java . lang . Long IDENT_3 = INT_0 ; org . lnu . is . domain . person . Person person = new org . lnu . is . domain . person . Person ( ) ; person . setId ( IDENT_3 ) ; java . lang . Long IDENT_4 = INT_1 ; org . lnu . is . domain . person . IDENT_5 . IDENT_6 IDENT_7 = new org . lnu . is . domain . person . IDENT_5 . METHOD_2 ( ) ; IDENT_7 . setId ( IDENT_4 ) ; java . lang . Long IDENT_8 = INT_2 ; org . lnu . is . domain . IDENT_9 . IDENT_10 IDENT_11 = new org . lnu . is . domain . IDENT_9 . METHOD_3 ( ) ; IDENT_11 . setId ( IDENT_8 ) ; source . METHOD_4 ( IDENT_0 ) ; source . setId ( id ) ; source . METHOD_5 ( person ) ; source . METHOD_6 ( IDENT_7 ) ; source . METHOD_7 ( IDENT_11 ) ; org . lnu . is . resource . person . IDENT_1 . IDENT_12 expected = new org . lnu . is . resource . person . IDENT_1 . METHOD_8 ( ) ; expected . setId ( id ) ; expected . METHOD_9 ( IDENT_3 ) ; expected . METHOD_10 ( IDENT_4 ) ; expected . METHOD_11 ( IDENT_8 ) ; expected . METHOD_4 ( IDENT_0 ) ; org . lnu . is . resource . person . IDENT_1 . METHOD_8 actual = unit . convert ( source ) ; "<AssertPlaceHolder>" ; } convert ( org . lnu . is . domain . admin . unit . IDENT_13 ) { return convert ( source , new org . lnu . is . resource . IDENT_14 . METHOD_12 ( ) ) ; }
org . junit . Assert . assertEquals ( expected , actual ) 