METHOD_0 ( ) { java . lang . Long id = 1L ; java . lang . Double IDENT_0 = FLOAT_0 ; java . lang . Long IDENT_1 = INT_0 ; org . lnu . is . domain . person . Person person = new org . lnu . is . domain . person . Person ( ) ; person . setId ( IDENT_1 ) ; java . lang . Long IDENT_2 = INT_1 ; org . lnu . is . domain . person . IDENT_3 . IDENT_4 IDENT_5 = new org . lnu . is . domain . person . IDENT_3 . METHOD_1 ( ) ; IDENT_5 . setId ( IDENT_2 ) ; java . lang . Long IDENT_6 = INT_2 ; org . lnu . is . domain . IDENT_7 . subject . IDENT_8 IDENT_9 = new org . lnu . is . domain . IDENT_7 . subject . METHOD_2 ( ) ; IDENT_9 . setId ( IDENT_6 ) ; org . lnu . is . domain . person . IDENT_7 . subject . IDENT_10 source = new org . lnu . is . domain . person . IDENT_7 . subject . METHOD_3 ( ) ; source . setId ( id ) ; source . METHOD_4 ( IDENT_0 ) ; source . METHOD_5 ( person ) ; source . METHOD_6 ( IDENT_5 ) ; source . METHOD_7 ( IDENT_9 ) ; org . lnu . is . resource . person . IDENT_7 . subject . IDENT_11 expected = new org . lnu . is . resource . person . IDENT_7 . subject . METHOD_8 ( ) ; expected . setId ( id ) ; expected . METHOD_9 ( IDENT_1 ) ; expected . METHOD_10 ( IDENT_2 ) ; expected . METHOD_11 ( IDENT_6 ) ; expected . METHOD_4 ( IDENT_0 ) ; org . lnu . is . resource . person . IDENT_7 . subject . METHOD_8 actual = unit . convert ( source ) ; "<AssertPlaceHolder>" ; } convert ( org . lnu . is . domain . admin . unit . IDENT_12 ) { return convert ( source , new org . lnu . is . resource . IDENT_13 . METHOD_12 ( ) ) ; }
org . junit . Assert . assertEquals ( expected , actual ) 