METHOD_0 ( ) { org . lnu . is . domain . person . IDENT_0 . subject . IDENT_1 source = new org . lnu . is . domain . person . IDENT_0 . subject . METHOD_1 ( ) ; org . lnu . is . resource . person . IDENT_0 . subject . IDENT_2 expected = new org . lnu . is . resource . person . IDENT_0 . subject . METHOD_2 ( ) ; org . lnu . is . resource . person . IDENT_0 . subject . METHOD_2 actual = unit . convert ( source ) ; "<AssertPlaceHolder>" ; } convert ( org . lnu . is . domain . admin . unit . IDENT_3 ) { return convert ( source , new org . lnu . is . resource . IDENT_4 . METHOD_3 ( ) ) ; }
org . junit . Assert . assertEquals ( expected , actual ) 