METHOD_0 ( ) { java . lang . Long id = INT_0 ; java . lang . Long IDENT_0 = 1L ; org . lnu . is . domain . person . Person person = new org . lnu . is . domain . person . Person ( ) ; person . setId ( IDENT_0 ) ; java . lang . Long IDENT_1 = INT_1 ; org . lnu . is . domain . IDENT_2 . IDENT_3 IDENT_2 = new org . lnu . is . domain . IDENT_2 . METHOD_1 ( ) ; IDENT_2 . setId ( IDENT_1 ) ; java . lang . Long IDENT_4 = INT_2 ; org . lnu . is . domain . IDENT_2 . IDENT_5 IDENT_6 = new org . lnu . is . domain . IDENT_2 . METHOD_2 ( ) ; IDENT_6 . setId ( IDENT_4 ) ; org . lnu . is . domain . person . IDENT_2 . IDENT_7 source = new org . lnu . is . domain . person . IDENT_2 . METHOD_3 ( ) ; source . setId ( id ) ; source . METHOD_4 ( person ) ; source . METHOD_5 ( IDENT_2 ) ; source . METHOD_6 ( IDENT_6 ) ; org . lnu . is . resource . person . IDENT_2 . IDENT_8 expected = new org . lnu . is . resource . person . IDENT_2 . METHOD_7 ( ) ; expected . METHOD_8 ( IDENT_0 ) ; expected . METHOD_9 ( IDENT_1 ) ; expected . METHOD_10 ( IDENT_4 ) ; expected . setId ( id ) ; org . lnu . is . resource . person . IDENT_2 . METHOD_7 actual = unit . convert ( source ) ; "<AssertPlaceHolder>" ; } convert ( org . lnu . is . domain . admin . unit . IDENT_9 ) { return convert ( source , new org . lnu . is . resource . IDENT_10 . METHOD_11 ( ) ) ; }
org . junit . Assert . assertEquals ( expected , actual ) 