METHOD_0 ( ) { java . lang . Long IDENT_0 = INT_0 ; org . lnu . is . domain . person . Person person = new org . lnu . is . domain . person . Person ( ) ; person . setId ( IDENT_0 ) ; java . lang . Long IDENT_1 = INT_1 ; org . lnu . is . domain . IDENT_2 . type . IDENT_3 IDENT_4 = new org . lnu . is . domain . IDENT_2 . type . METHOD_1 ( ) ; IDENT_4 . setId ( IDENT_1 ) ; java . lang . Long id = 1L ; java . lang . String name = "name" ; java . util . Date IDENT_5 = new java . util . Date ( ) ; org . lnu . is . domain . person . IDENT_2 . IDENT_6 expected = new org . lnu . is . domain . person . IDENT_2 . METHOD_2 ( ) ; expected . METHOD_3 ( person ) ; expected . METHOD_4 ( IDENT_4 ) ; expected . setId ( id ) ; expected . setName ( name ) ; expected . METHOD_5 ( IDENT_5 ) ; org . lnu . is . resource . person . IDENT_2 . IDENT_7 source = new org . lnu . is . resource . person . IDENT_2 . METHOD_6 ( ) ; source . METHOD_7 ( IDENT_0 ) ; source . METHOD_8 ( IDENT_1 ) ; source . setId ( id ) ; source . setName ( name ) ; source . METHOD_5 ( IDENT_5 ) ; org . lnu . is . domain . person . IDENT_2 . METHOD_2 actual = unit . convert ( source ) ; "<AssertPlaceHolder>" ; } convert ( org . lnu . is . domain . admin . unit . IDENT_8 ) { return convert ( source , new org . lnu . is . resource . IDENT_9 . METHOD_9 ( ) ) ; }
org . junit . Assert . assertEquals ( expected , actual ) 