METHOD_0 ( ) { java . lang . String name = STRING_0 ; java . lang . String IDENT_0 = STRING_1 ; org . lnu . is . domain . IDENT_1 . IDENT_2 source = new org . lnu . is . domain . IDENT_1 . METHOD_1 ( ) ; source . METHOD_2 ( IDENT_0 ) ; source . setName ( name ) ; org . lnu . is . resource . IDENT_1 . IDENT_3 expected = new org . lnu . is . resource . IDENT_1 . METHOD_3 ( ) ; expected . METHOD_2 ( IDENT_0 ) ; expected . setName ( name ) ; org . lnu . is . resource . IDENT_1 . METHOD_3 actual = unit . convert ( source ) ; "<AssertPlaceHolder>" ; } convert ( org . lnu . is . domain . admin . unit . IDENT_4 ) { return convert ( source , new org . lnu . is . resource . IDENT_5 . METHOD_4 ( ) ) ; }
org . junit . Assert . assertEquals ( expected , actual ) 