METHOD_0 ( ) { java . lang . Boolean IDENT_0 = false ; java . lang . Long id = 1L ; java . lang . Boolean IDENT_1 = false ; java . lang . Double IDENT_2 = FLOAT_0 ; java . lang . Long IDENT_3 = INT_0 ; org . lnu . is . domain . IDENT_4 . IDENT_5 IDENT_6 = new org . lnu . is . domain . IDENT_4 . METHOD_1 ( ) ; IDENT_6 . setId ( IDENT_3 ) ; java . lang . Long IDENT_7 = INT_1 ; org . lnu . is . domain . IDENT_8 . subject . IDENT_9 IDENT_10 = new org . lnu . is . domain . IDENT_8 . subject . METHOD_2 ( ) ; IDENT_10 . setId ( IDENT_7 ) ; org . lnu . is . domain . IDENT_4 . IDENT_11 expected = new org . lnu . is . domain . IDENT_4 . METHOD_3 ( ) ; expected . METHOD_4 ( IDENT_0 ) ; expected . METHOD_5 ( IDENT_1 ) ; expected . METHOD_6 ( IDENT_2 ) ; expected . METHOD_7 ( IDENT_6 ) ; expected . METHOD_8 ( IDENT_10 ) ; org . lnu . is . resource . IDENT_4 . subject . IDENT_12 source = new org . lnu . is . resource . IDENT_4 . subject . METHOD_9 ( ) ; source . METHOD_4 ( IDENT_0 ) ; source . setId ( id ) ; source . METHOD_5 ( IDENT_1 ) ; source . METHOD_6 ( IDENT_2 ) ; source . METHOD_10 ( IDENT_3 ) ; source . METHOD_11 ( IDENT_7 ) ; org . lnu . is . domain . IDENT_4 . METHOD_3 actual = unit . convert ( source ) ; "<AssertPlaceHolder>" ; } convert ( org . lnu . is . domain . admin . unit . IDENT_13 ) { return convert ( source , new org . lnu . is . resource . IDENT_14 . METHOD_12 ( ) ) ; }
org . junit . Assert . assertEquals ( expected , actual ) 