METHOD_0 ( ) { java . lang . String content = STRING_0 ; java . util . List < java . lang . String > IDENT_0 = java . util . Collections . emptyList ( ) ; java . lang . Boolean IDENT_1 = false ; java . lang . String IDENT_2 = STRING_1 ; org . lnu . is . resource . IDENT_3 . IDENT_4 source = new org . lnu . is . resource . IDENT_3 . METHOD_1 ( ) ; source . METHOD_2 ( IDENT_2 ) ; source . METHOD_3 ( content ) ; source . METHOD_4 ( IDENT_0 ) ; source . METHOD_5 ( IDENT_1 ) ; java . util . List < org . lnu . is . IDENT_5 . model . IDENT_6 > IDENT_7 = java . util . Collections . emptyList ( ) ; org . lnu . is . IDENT_5 . model . IDENT_8 expected = new org . lnu . is . IDENT_5 . model . METHOD_6 ( ) ; expected . METHOD_2 ( source . METHOD_7 ( ) ) ; expected . METHOD_3 ( source . METHOD_8 ( ) ) ; expected . METHOD_9 ( java . util . Collections . < org . lnu . is . IDENT_5 . model . IDENT_9 > emptyList ( ) ) ; expected . METHOD_10 ( java . util . Collections . < org . lnu . is . IDENT_5 . model . IDENT_6 > emptyList ( ) ) ; expected . METHOD_11 ( IDENT_10 ) ; expected . METHOD_12 ( source . METHOD_13 ( ) ) ; expected . METHOD_4 ( IDENT_7 ) ; org . lnu . is . IDENT_5 . model . METHOD_6 actual = unit . convert ( source ) ; "<AssertPlaceHolder>" ; } convert ( org . lnu . is . domain . admin . unit . IDENT_11 ) { return convert ( source , new org . lnu . is . resource . IDENT_12 . METHOD_14 ( ) ) ; }
org . junit . Assert . assertEquals ( expected , actual ) 