METHOD_0 ( ) { java . lang . String IDENT_0 = STRING_0 ; java . util . Date IDENT_1 = new java . util . Date ( ) ; java . lang . String IDENT_2 = STRING_1 ; java . lang . String IDENT_3 = STRING_2 ; java . util . Date IDENT_4 = new java . util . Date ( ) ; java . util . Date IDENT_5 = new java . util . Date ( ) ; java . lang . Integer IDENT_6 = 1 ; java . lang . Integer IDENT_7 = 2 ; java . lang . Integer IDENT_8 = 3 ; java . lang . Integer IDENT_9 = 4 ; java . lang . Double IDENT_10 = FLOAT_0 ; java . lang . Integer IDENT_11 = 5 ; org . lnu . is . domain . IDENT_12 . IDENT_13 expected = new org . lnu . is . domain . IDENT_12 . METHOD_1 ( ) ; expected . METHOD_2 ( IDENT_0 ) ; expected . METHOD_3 ( IDENT_1 ) ; expected . METHOD_4 ( IDENT_2 ) ; expected . METHOD_5 ( IDENT_3 ) ; expected . METHOD_6 ( IDENT_4 ) ; expected . METHOD_7 ( IDENT_5 ) ; expected . METHOD_8 ( IDENT_6 ) ; expected . METHOD_9 ( IDENT_7 ) ; expected . METHOD_10 ( IDENT_8 ) ; expected . METHOD_11 ( IDENT_9 ) ; expected . METHOD_12 ( IDENT_10 ) ; expected . METHOD_13 ( IDENT_11 ) ; org . lnu . is . resource . IDENT_12 . IDENT_14 source = new org . lnu . is . resource . IDENT_12 . METHOD_14 ( ) ; source . METHOD_2 ( IDENT_0 ) ; source . METHOD_3 ( IDENT_1 ) ; source . METHOD_4 ( IDENT_2 ) ; source . METHOD_5 ( IDENT_3 ) ; source . METHOD_6 ( IDENT_4 ) ; source . METHOD_7 ( IDENT_5 ) ; source . METHOD_8 ( IDENT_6 ) ; source . METHOD_9 ( IDENT_7 ) ; source . METHOD_10 ( IDENT_8 ) ; source . METHOD_11 ( IDENT_9 ) ; source . METHOD_12 ( IDENT_10 ) ; source . METHOD_13 ( IDENT_11 ) ; org . lnu . is . domain . IDENT_12 . METHOD_1 actual = unit . convert ( source ) ; "<AssertPlaceHolder>" ; } convert ( org . lnu . is . domain . admin . unit . IDENT_15 ) { return convert ( source , new org . lnu . is . resource . IDENT_16 . METHOD_15 ( ) ) ; }
org . junit . Assert . assertEquals ( expected , actual ) 