METHOD_0 ( ) { java . lang . String IDENT_0 = STRING_0 ; java . util . Date IDENT_1 = new java . util . Date ( ) ; java . lang . String IDENT_2 = STRING_1 ; java . util . Date IDENT_3 = new java . util . Date ( ) ; java . lang . Long id = 1L ; java . lang . String manager = STRING_2 ; java . lang . String name = "name" ; java . lang . Long IDENT_4 = INT_0 ; java . lang . String IDENT_5 = STRING_3 ; org . lnu . is . domain . IDENT_6 . IDENT_7 parent = new org . lnu . is . domain . IDENT_6 . METHOD_1 ( ) ; parent . setId ( IDENT_4 ) ; org . lnu . is . domain . IDENT_6 . METHOD_1 expected = new org . lnu . is . domain . IDENT_6 . METHOD_1 ( ) ; expected . METHOD_2 ( IDENT_0 ) ; expected . METHOD_3 ( IDENT_1 ) ; expected . METHOD_4 ( IDENT_2 ) ; expected . METHOD_5 ( IDENT_3 ) ; expected . METHOD_6 ( manager ) ; expected . setName ( name ) ; expected . METHOD_7 ( parent ) ; expected . METHOD_8 ( IDENT_5 ) ; org . lnu . is . resource . IDENT_6 . IDENT_8 source = new org . lnu . is . resource . IDENT_6 . METHOD_9 ( ) ; source . METHOD_2 ( IDENT_0 ) ; source . METHOD_3 ( IDENT_1 ) ; source . METHOD_4 ( IDENT_2 ) ; source . METHOD_5 ( IDENT_3 ) ; source . setId ( id ) ; source . METHOD_6 ( manager ) ; source . setName ( name ) ; source . METHOD_10 ( IDENT_4 ) ; source . METHOD_8 ( IDENT_5 ) ; org . lnu . is . domain . IDENT_6 . METHOD_1 actual = unit . convert ( source ) ; "<AssertPlaceHolder>" ; } convert ( org . lnu . is . domain . admin . unit . IDENT_9 ) { return convert ( source , new org . lnu . is . resource . IDENT_10 . METHOD_11 ( ) ) ; }
org . junit . Assert . assertEquals ( expected , actual ) 