METHOD_0 ( ) { java . lang . Long id = 1L ; java . lang . Long IDENT_0 = INT_0 ; org . lnu . is . domain . IDENT_1 . IDENT_2 IDENT_3 = new org . lnu . is . domain . IDENT_1 . METHOD_1 ( ) ; IDENT_3 . setId ( IDENT_0 ) ; java . lang . Long IDENT_4 = INT_1 ; org . lnu . is . domain . IDENT_5 . subject . IDENT_6 IDENT_7 = new org . lnu . is . domain . IDENT_5 . subject . METHOD_2 ( ) ; IDENT_7 . setId ( IDENT_4 ) ; java . lang . String IDENT_8 = STRING_0 ; java . lang . Double IDENT_9 = FLOAT_0 ; java . util . Date IDENT_10 = new java . util . Date ( ) ; java . util . Date IDENT_11 = new java . util . Date ( ) ; org . lnu . is . domain . IDENT_1 . IDENT_12 expected = new org . lnu . is . domain . IDENT_1 . METHOD_3 ( ) ; expected . setId ( id ) ; expected . METHOD_4 ( IDENT_3 ) ; expected . METHOD_5 ( IDENT_7 ) ; expected . METHOD_6 ( IDENT_8 ) ; expected . METHOD_7 ( IDENT_9 ) ; expected . METHOD_8 ( IDENT_10 ) ; expected . METHOD_9 ( IDENT_11 ) ; org . lnu . is . resource . IDENT_1 . IDENT_13 . IDENT_14 source = new org . lnu . is . resource . IDENT_1 . IDENT_13 . METHOD_10 ( ) ; source . setId ( id ) ; source . METHOD_11 ( IDENT_0 ) ; source . METHOD_12 ( IDENT_4 ) ; source . METHOD_6 ( IDENT_8 ) ; source . METHOD_7 ( IDENT_9 ) ; source . METHOD_8 ( IDENT_10 ) ; source . METHOD_9 ( IDENT_11 ) ; org . lnu . is . domain . IDENT_1 . METHOD_3 actual = unit . convert ( source ) ; "<AssertPlaceHolder>" ; } convert ( org . lnu . is . domain . admin . unit . IDENT_15 ) { return convert ( source , new org . lnu . is . resource . IDENT_16 . METHOD_13 ( ) ) ; }
org . junit . Assert . assertEquals ( expected , actual ) 