METHOD_0 ( ) { java . lang . Integer IDENT_0 = 1 ; java . lang . Integer IDENT_1 = 2 ; java . lang . Integer IDENT_2 = 3 ; java . lang . Integer IDENT_3 = 4 ; java . lang . Long IDENT_4 = INT_0 ; org . lnu . is . domain . IDENT_5 . IDENT_6 IDENT_7 = new org . lnu . is . domain . IDENT_5 . METHOD_1 ( ) ; IDENT_7 . setId ( IDENT_4 ) ; java . lang . Long IDENT_8 = INT_1 ; org . lnu . is . domain . IDENT_9 . type . IDENT_10 IDENT_11 = new org . lnu . is . domain . IDENT_9 . type . METHOD_2 ( ) ; IDENT_11 . setId ( IDENT_8 ) ; java . util . Date IDENT_12 = new java . util . Date ( ) ; java . util . Date IDENT_13 = new java . util . Date ( ) ; org . lnu . is . resource . IDENT_5 . IDENT_9 . IDENT_14 source = new org . lnu . is . resource . IDENT_5 . IDENT_9 . METHOD_3 ( ) ; source . METHOD_4 ( IDENT_0 ) ; source . METHOD_5 ( IDENT_1 ) ; source . METHOD_6 ( IDENT_2 ) ; source . METHOD_7 ( IDENT_3 ) ; source . METHOD_8 ( IDENT_4 ) ; source . METHOD_9 ( IDENT_8 ) ; source . METHOD_10 ( IDENT_12 ) ; source . METHOD_11 ( IDENT_13 ) ; org . lnu . is . domain . IDENT_5 . IDENT_15 expected = new org . lnu . is . domain . IDENT_5 . METHOD_12 ( ) ; expected . METHOD_4 ( IDENT_0 ) ; expected . METHOD_5 ( IDENT_1 ) ; expected . METHOD_6 ( IDENT_2 ) ; expected . METHOD_7 ( IDENT_3 ) ; expected . METHOD_13 ( IDENT_7 ) ; expected . METHOD_14 ( IDENT_11 ) ; expected . METHOD_10 ( IDENT_12 ) ; expected . METHOD_11 ( IDENT_13 ) ; org . lnu . is . domain . IDENT_5 . METHOD_12 actual = unit . convert ( source ) ; "<AssertPlaceHolder>" ; } convert ( org . lnu . is . domain . admin . unit . IDENT_16 ) { return convert ( source , new org . lnu . is . resource . IDENT_17 . METHOD_15 ( ) ) ; }
org . junit . Assert . assertEquals ( expected , actual ) 