METHOD_0 ( ) { java . lang . String name = STRING_0 ; java . lang . String IDENT_0 = STRING_1 ; java . lang . Long IDENT_1 = 1L ; org . lnu . is . domain . subject . IDENT_2 IDENT_3 = new org . lnu . is . domain . subject . METHOD_1 ( ) ; IDENT_3 . setId ( IDENT_1 ) ; org . lnu . is . domain . subject . IDENT_4 expected = new org . lnu . is . domain . subject . METHOD_2 ( ) ; expected . setName ( name ) ; expected . METHOD_3 ( IDENT_3 ) ; org . lnu . is . resource . subject . IDENT_5 source = new org . lnu . is . resource . subject . METHOD_4 ( ) ; source . setName ( name ) ; source . METHOD_5 ( IDENT_1 ) ; org . lnu . is . domain . subject . METHOD_2 IDENT_6 = new org . lnu . is . domain . subject . METHOD_2 ( ) ; IDENT_6 . setName ( IDENT_0 ) ; org . lnu . is . resource . subject . METHOD_4 IDENT_7 = new org . lnu . is . resource . subject . METHOD_4 ( ) ; IDENT_7 . setName ( IDENT_0 ) ; java . util . List < org . lnu . is . resource . subject . METHOD_4 > IDENT_8 = java . util . Arrays . asList ( source , IDENT_7 ) ; java . util . List < org . lnu . is . domain . subject . METHOD_2 > IDENT_9 = java . util . Arrays . asList ( expected , IDENT_6 ) ; java . util . List < org . lnu . is . domain . subject . METHOD_2 > IDENT_10 = unit . METHOD_6 ( IDENT_8 ) ; "<AssertPlaceHolder>" ; } METHOD_6 ( java . util . List ) { return METHOD_6 ( IDENT_8 , new java . util . ArrayList < IDENT_11 > ( IDENT_8 . size ( ) ) ) ; }
org . junit . Assert . assertEquals ( IDENT_9 , IDENT_10 ) 