METHOD_0 ( ) { java . lang . String name = STRING_0 ; org . lnu . is . domain . IDENT_0 . type . IDENT_1 expected = new org . lnu . is . domain . IDENT_0 . type . METHOD_1 ( ) ; expected . setName ( name ) ; org . lnu . is . resource . IDENT_0 . type . IDENT_2 source = new org . lnu . is . resource . IDENT_0 . type . METHOD_2 ( ) ; source . setName ( name ) ; org . lnu . is . domain . IDENT_0 . type . METHOD_1 actual = unit . convert ( source ) ; "<AssertPlaceHolder>" ; } convert ( org . lnu . is . domain . admin . unit . IDENT_3 ) { return convert ( source , new org . lnu . is . resource . IDENT_4 . METHOD_3 ( ) ) ; }
org . junit . Assert . assertEquals ( expected , actual ) 